Funcionario;CPF;Salario;Total;
Mel;44543212414;2314142.000000;
;;;0.000000;
