Data;Despesas;Vendas;Fluxo;
1/2019;0.000000;0.000000;0.000000;
2/2019;0.000000;0.000000;0.000000;
3/2019;0.000000;0.000000;0.000000;
4/2019;0.000000;0.000000;0.000000;
5/2019;0.000000;0.000000;0.000000;
6/2019;0.000000;0.000000;0.000000;
7/2019;0.000000;0.000000;0.000000;
8/2019;0.000000;0.000000;0.000000;
9/2019;0.000000;0.000000;0.000000;
10/2019;0.000000;0.000000;0.000000;
11/2019;0.000000;0.000000;0.000000;
12/2019;0.000000;0.000000;0.000000;
